{"0":{"fields":[{"type":"text","id":1013,"formId":3,"label":"Dummy","adminLabel":"","isRequired":false,"size":"large","errorMessage":"","visibility":"visible","inputs":null,"description":"","allowsPrepopulate":false,"inputMask":false,"inputMaskValue":"","inputMaskIsCustom":false,"maxLength":"","inputType":"","labelPlacement":"","descriptionPlacement":"","subLabelPlacement":"","placeholder":"","cssClass":"","inputName":"","noDuplicates":false,"defaultValue":"","enableAutocomplete":false,"autocompleteAttribute":"","choices":"","conditionalLogic":"","productField":"","layoutGridColumnSpan":12,"enablePasswordInput":"","enableEnhancedUI":0,"layoutGroupId":"b16f1602","multipleFiles":false,"maxFiles":"","calculationFormula":"","calculationRounding":"","enableCalculation":"","disableQuantity":false,"displayAllCategories":false,"useRichTextEditor":false,"errors":[],"fields":""},{"type":"repeater","id":1000,"formId":3,"label":"My Repeater TEST!","fields":[{"type":"text","id":1001,"formId":3,"label":"Untitled","adminLabel":"","isRequired":false,"size":"large","errorMessage":"","visibility":"visible","inputs":null,"description":"","allowsPrepopulate":false,"inputMask":false,"inputMaskValue":"","inputMaskIsCustom":false,"maxLength":"","inputType":"","labelPlacement":"","descriptionPlacement":"","subLabelPlacement":"","placeholder":"","cssClass":"","inputName":"","noDuplicates":false,"defaultValue":"","enableAutocomplete":false,"autocompleteAttribute":"","choices":"","conditionalLogic":"","productField":"","layoutGridColumnSpan":"","enablePasswordInput":"","enableEnhancedUI":0,"layoutGroupId":"9da8cfda","multipleFiles":false,"maxFiles":"","calculationFormula":"","calculationRounding":"","enableCalculation":"","disableQuantity":false,"displayAllCategories":false,"useRichTextEditor":false,"pageNumber":1,"fields":"","displayOnly":""},{"type":"textarea","id":1002,"formId":3,"label":"Untitled","adminLabel":"","isRequired":false,"size":"large","errorMessage":"","visibility":"visible","inputs":null,"description":"","allowsPrepopulate":false,"inputMask":false,"inputMaskValue":"","inputMaskIsCustom":"","maxLength":"","inputType":"","labelPlacement":"","descriptionPlacement":"","subLabelPlacement":"","placeholder":"","cssClass":"","inputName":"","noDuplicates":false,"defaultValue":"","enableAutocomplete":false,"autocompleteAttribute":"","choices":"","conditionalLogic":"","productField":"","layoutGridColumnSpan":12,"form_id":"","useRichTextEditor":"","enableEnhancedUI":0,"layoutGroupId":"5df6ba2f","pageNumber":1,"fields":""},{"type":"select","id":1003,"formId":3,"label":"Untitled","adminLabel":"","isRequired":false,"size":"large","errorMessage":"","visibility":"visible","validateState":true,"inputs":null,"choices":[{"text":"First Choice","value":"First Choice","isSelected":false,"price":""},{"text":"Second Choice","value":"Second Choice","isSelected":false,"price":""},{"text":"Third Choice","value":"Third Choice","isSelected":false,"price":""}],"description":"","allowsPrepopulate":false,"inputMask":false,"inputMaskValue":"","inputMaskIsCustom":"","maxLength":"","inputType":"","labelPlacement":"","descriptionPlacement":"","subLabelPlacement":"","placeholder":"","cssClass":"","inputName":"","noDuplicates":false,"defaultValue":"","enableAutocomplete":false,"autocompleteAttribute":"","conditionalLogic":"","productField":"","layoutGridColumnSpan":12,"enablePrice":"","enableEnhancedUI":0,"layoutGroupId":"f9255ffe","pageNumber":1,"fields":""},{"type":"number","id":1004,"formId":3,"label":"Number","adminLabel":"","isRequired":false,"size":"large","errorMessage":"","visibility":"visible","inputs":null,"numberFormat":"decimal_dot","description":"","allowsPrepopulate":false,"inputMask":false,"inputMaskValue":"","inputMaskIsCustom":"","maxLength":"","inputType":"","labelPlacement":"","descriptionPlacement":"","subLabelPlacement":"","placeholder":"","cssClass":"","inputName":"","noDuplicates":false,"defaultValue":"","enableAutocomplete":false,"autocompleteAttribute":"","choices":"","conditionalLogic":"","enableCalculation":false,"rangeMin":"","rangeMax":"","calculationFormula":"","productField":"","layoutGridColumnSpan":12,"enableEnhancedUI":0,"layoutGroupId":"367001d1","pageNumber":1,"fields":""},{"type":"checkbox","id":1005,"formId":3,"label":"Untitled","adminLabel":"","isRequired":false,"size":"large","errorMessage":"","visibility":"visible","choices":[{"text":"First Choice","value":"First Choice","isSelected":false,"price":""},{"text":"Second Choice","value":"Second Choice","isSelected":false,"price":""},{"text":"Third Choice","value":"Third Choice","isSelected":false,"price":""}],"validateState":true,"inputs":[{"id":"1005.1","label":"First Choice","name":""},{"id":"1005.2","label":"Second Choice","name":""},{"id":"1005.3","label":"Third Choice","name":""}],"description":"","allowsPrepopulate":false,"inputMask":false,"inputMaskValue":"","inputMaskIsCustom":"","maxLength":"","inputType":"","labelPlacement":"","descriptionPlacement":"","subLabelPlacement":"","placeholder":"","cssClass":"","inputName":"","noDuplicates":false,"defaultValue":"","enableAutocomplete":false,"autocompleteAttribute":"","conditionalLogic":"","productField":"","layoutGridColumnSpan":12,"enableSelectAll":"","enablePrice":"","enableEnhancedUI":0,"layoutGroupId":"0991965e","pageNumber":1,"fields":""},{"type":"radio","id":1006,"formId":3,"label":"Untitled","adminLabel":"","isRequired":false,"size":"large","errorMessage":"","visibility":"visible","validateState":true,"inputs":null,"choices":[{"text":"First Choice","value":"First Choice","isSelected":false,"price":""},{"text":"Second Choice","value":"Second Choice","isSelected":false,"price":""},{"text":"Third Choice","value":"Third Choice","isSelected":false,"price":""}],"description":"","allowsPrepopulate":false,"inputMask":false,"inputMaskValue":"","inputMaskIsCustom":"","maxLength":"","inputType":"","labelPlacement":"","descriptionPlacement":"","subLabelPlacement":"","placeholder":"","cssClass":"","inputName":"","noDuplicates":false,"defaultValue":"","enableAutocomplete":false,"autocompleteAttribute":"","conditionalLogic":"","productField":"","layoutGridColumnSpan":12,"enableOtherChoice":"","enablePrice":"","enableEnhancedUI":0,"layoutGroupId":"1775b69a","pageNumber":1,"fields":""},{"type":"date","id":1007,"formId":3,"label":"Date","adminLabel":"","isRequired":false,"size":"large","errorMessage":"","visibility":"visible","inputs":null,"dateType":"datepicker","dateFormat":"mdy","dateFormatPlacement":"below","calendarIconType":"none","description":"","allowsPrepopulate":false,"inputMask":false,"inputMaskValue":"","inputMaskIsCustom":"","maxLength":"","inputType":"","labelPlacement":"","descriptionPlacement":"","subLabelPlacement":"","placeholder":"","cssClass":"","inputName":"","noDuplicates":false,"defaultValue":"","enableAutocomplete":false,"autocompleteAttribute":"","choices":"","conditionalLogic":"","calendarIconUrl":"","productField":"","layoutGridColumnSpan":12,"enableEnhancedUI":0,"layoutGroupId":"d166c1de","pageNumber":1,"fields":""},{"type":"time","id":1008,"formId":3,"label":"Time","adminLabel":"","isRequired":false,"size":"large","errorMessage":"","visibility":"visible","inputs":[{"id":"1008.1","label":"Hour","name":""},{"id":"1008.2","label":"Minute","name":""},{"id":"1008.3","label":"AM\/PM","name":""}],"description":"","allowsPrepopulate":false,"inputMask":false,"inputMaskValue":"","inputMaskIsCustom":"","maxLength":"","inputType":"","labelPlacement":"","descriptionPlacement":"","subLabelPlacement":"","placeholder":"","cssClass":"","inputName":"","noDuplicates":false,"defaultValue":"","enableAutocomplete":false,"autocompleteAttribute":"","choices":"","conditionalLogic":"","timeFormat":"12","productField":"","layoutGridColumnSpan":12,"enableEnhancedUI":0,"layoutGroupId":"7378eefd","pageNumber":1,"fields":""},{"type":"phone","id":1009,"formId":3,"label":"Phone","adminLabel":"","isRequired":false,"size":"large","errorMessage":"","visibility":"visible","inputs":null,"phoneFormat":"international","autocompleteAttribute":"tel","description":"","allowsPrepopulate":false,"inputMask":false,"inputMaskValue":"","inputMaskIsCustom":"","maxLength":"","inputType":"","labelPlacement":"","descriptionPlacement":"","subLabelPlacement":"","placeholder":"","cssClass":"","inputName":"","noDuplicates":false,"defaultValue":"","enableAutocomplete":false,"choices":"","conditionalLogic":"","productField":"","layoutGridColumnSpan":12,"enableEnhancedUI":0,"layoutGroupId":"fc0ff8a9","pageNumber":1,"fields":""},{"type":"website","id":1011,"formId":3,"label":"Website","adminLabel":"","isRequired":false,"size":"large","errorMessage":"","visibility":"visible","inputs":null,"placeholder":"https:\/\/","description":"","allowsPrepopulate":false,"inputMask":false,"inputMaskValue":"","inputMaskIsCustom":"","maxLength":"","inputType":"","labelPlacement":"","descriptionPlacement":"","subLabelPlacement":"","cssClass":"","inputName":"","noDuplicates":false,"defaultValue":"","enableAutocomplete":false,"autocompleteAttribute":"","choices":"","conditionalLogic":"","productField":"","layoutGridColumnSpan":12,"enableEnhancedUI":0,"layoutGroupId":"bf7605d9","pageNumber":1,"fields":""},{"type":"fileupload","id":1012,"formId":3,"label":"File","adminLabel":"","isRequired":false,"size":"large","errorMessage":"","visibility":"visible","inputs":null,"description":"","allowsPrepopulate":false,"inputMask":false,"inputMaskValue":"","inputMaskIsCustom":"","maxLength":"","inputType":"","labelPlacement":"","descriptionPlacement":"","subLabelPlacement":"","placeholder":"","cssClass":"","inputName":"","noDuplicates":false,"defaultValue":"","enableAutocomplete":false,"autocompleteAttribute":"","choices":"","conditionalLogic":"","maxFileSize":"","maxFiles":"","multipleFiles":false,"allowedExtensions":"","productField":"","layoutGridColumnSpan":12,"enableEnhancedUI":0,"layoutGroupId":"34f7ef3d","pageNumber":1,"fields":""}],"displayOnly":"","isRequired":false,"inputs":"","layoutGroupId":"5c236f66","layoutGridColumnSpan":12,"visibility":"visible","nestingLevel":0,"cssClass":"","adminLabel":"","description":"","allowsPrepopulate":false,"inputMask":false,"inputMaskValue":"","inputMaskIsCustom":"","maxLength":"","inputType":"","errorMessage":"","labelPlacement":"","descriptionPlacement":"","subLabelPlacement":"","placeholder":"","inputName":"","noDuplicates":false,"defaultValue":"","enableAutocomplete":false,"autocompleteAttribute":"","choices":"","conditionalLogic":""},{"type":"radio","id":1,"formId":3,"label":"Dream BiGG program\u0131ndan nas\u0131l haberdar oldunuz?","adminLabel":"","isRequired":true,"size":"large","errorMessage":"","visibility":"visible","validateState":true,"inputs":null,"choices":[{"text":"Instagram","value":"Instagram","isSelected":false,"price":""},{"text":"Facebook","value":"Facebook","isSelected":false,"price":""},{"text":"Linkedin","value":"Linkedin","isSelected":false,"price":""},{"text":"E-Posta","value":"E-Posta","isSelected":false,"price":""}],"description":"","allowsPrepopulate":false,"inputMask":false,"inputMaskValue":"","inputMaskIsCustom":false,"maxLength":"","inputType":"","labelPlacement":"","descriptionPlacement":"","subLabelPlacement":"","placeholder":"","cssClass":"","inputName":"","noDuplicates":false,"defaultValue":"","enableAutocomplete":false,"autocompleteAttribute":"","conditionalLogic":"","productField":"","layoutGridColumnSpan":12,"enableOtherChoice":true,"enablePrice":"","enableEnhancedUI":0,"layoutGroupId":"89e27806","multipleFiles":false,"maxFiles":"","calculationFormula":"","calculationRounding":"","enableCalculation":"","disableQuantity":false,"displayAllCategories":false,"useRichTextEditor":false,"errors":[],"fields":"","displayOnly":""},{"type":"page","id":3,"formId":3,"label":"","adminLabel":"","isRequired":false,"size":"large","errorMessage":"","visibility":"visible","inputs":null,"displayOnly":true,"nextButton":{"type":"text","text":"Sonraki","imageUrl":"","id":3},"previousButton":{"type":"text","text":"Geri","imageUrl":""},"description":"","allowsPrepopulate":false,"inputMask":false,"inputMaskValue":"","inputMaskIsCustom":false,"maxLength":"","inputType":"","labelPlacement":"","descriptionPlacement":"","subLabelPlacement":"","placeholder":"","cssClass":"","inputName":"","noDuplicates":false,"defaultValue":"","enableAutocomplete":false,"autocompleteAttribute":"","choices":"","conditionalLogic":"","productField":"","layoutGridColumnSpan":12,"enableEnhancedUI":0,"layoutGroupId":"4b6f12d8","multipleFiles":false,"maxFiles":"","calculationFormula":"","calculationRounding":"","enableCalculation":"","disableQuantity":false,"displayAllCategories":false,"useRichTextEditor":false,"fields":""},{"type":"section","id":5,"formId":3,"label":"Ba\u015fvuru Bilgileri","adminLabel":"","isRequired":false,"size":"large","errorMessage":"","visibility":"visible","inputs":null,"displayOnly":true,"description":"Bu alandaki bilgiler direkt T\u00dcB\u0130TAK'\u0131n sistemine girilecektir. Bu nedenle do\u011frulu\u011fu b\u00fcy\u00fck \u00f6nem arz edecektir.","allowsPrepopulate":false,"inputMask":false,"inputMaskValue":"","inputMaskIsCustom":false,"maxLength":"","inputType":"","labelPlacement":"","descriptionPlacement":"","subLabelPlacement":"","placeholder":"","cssClass":"","inputName":"","noDuplicates":false,"defaultValue":"","enableAutocomplete":false,"autocompleteAttribute":"","choices":"","conditionalLogic":"","productField":"","enableEnhancedUI":0,"layoutGroupId":"1a7e55ea","multipleFiles":false,"maxFiles":"","calculationFormula":"","calculationRounding":"","enableCalculation":"","disableQuantity":false,"displayAllCategories":false,"useRichTextEditor":false,"errors":[],"checkboxLabel":"","fields":""},{"type":"radio","id":6,"formId":3,"label":"Herhangi bir \u015firkette ortakl\u0131\u011f\u0131n\u0131z var m\u0131?","adminLabel":"","isRequired":true,"size":"large","errorMessage":"","visibility":"visible","validateState":true,"inputs":null,"choices":[{"text":"Evet ( Ba\u015fvuru ko\u015fullar\u0131na uygun bulunmamaktad\u0131r)","value":"Evet ( Ba\u015fvuru ko\u015fullar\u0131na uygun bulunmamaktad\u0131r)","isSelected":false,"price":""},{"text":"Hay\u0131r","value":"Hay\u0131r","isSelected":false,"price":""}],"description":"","allowsPrepopulate":false,"inputMask":false,"inputMaskValue":"","inputMaskIsCustom":false,"maxLength":"","inputType":"","labelPlacement":"","descriptionPlacement":"","subLabelPlacement":"","placeholder":"","cssClass":"","inputName":"","noDuplicates":false,"defaultValue":"","enableAutocomplete":false,"autocompleteAttribute":"","conditionalLogic":"","productField":"","layoutGridColumnSpan":12,"enableOtherChoice":"","enablePrice":"","enableEnhancedUI":0,"layoutGroupId":"a65ff438","multipleFiles":false,"maxFiles":"","calculationFormula":"","calculationRounding":"","enableCalculation":"","disableQuantity":false,"displayAllCategories":false,"useRichTextEditor":false,"errors":[],"fields":"","displayOnly":""},{"type":"radio","id":7,"formId":3,"label":"Daha \u00f6nce T\u00dcB\u0130TAK veya T.C Bilim,Sanayi ve Teknoloji Bakanl\u0131\u011f\u0131\u2019ndan Teknogiri\u015fim Sermayesi Deste\u011fi ald\u0131n\u0131z m\u0131?","adminLabel":"","isRequired":true,"size":"large","errorMessage":"","visibility":"visible","validateState":true,"inputs":null,"choices":[{"text":"Evet ( Ba\u015fvuru ko\u015fullar\u0131na uygun bulunmamaktad\u0131r)","value":"Evet ( Ba\u015fvuru ko\u015fullar\u0131na uygun bulunmamaktad\u0131r)","isSelected":false,"price":""},{"text":"Hay\u0131r","value":"Hay\u0131r","isSelected":false,"price":""}],"description":"","allowsPrepopulate":false,"inputMask":false,"inputMaskValue":"","inputMaskIsCustom":false,"maxLength":"","inputType":"","labelPlacement":"","descriptionPlacement":"","subLabelPlacement":"","placeholder":"","cssClass":"","inputName":"","noDuplicates":false,"defaultValue":"","enableAutocomplete":false,"autocompleteAttribute":"","conditionalLogic":"","productField":"","layoutGridColumnSpan":12,"enableOtherChoice":"","enablePrice":"","enableEnhancedUI":0,"layoutGroupId":"43bd16c6","multipleFiles":false,"maxFiles":"","calculationFormula":"","calculationRounding":"","enableCalculation":"","disableQuantity":false,"displayAllCategories":false,"useRichTextEditor":false,"errors":[],"fields":"","displayOnly":""},{"type":"page","id":8,"formId":3,"label":"","adminLabel":"","isRequired":false,"size":"large","errorMessage":"","visibility":"visible","inputs":null,"displayOnly":true,"nextButton":{"type":"text","text":"Sonraki","imageUrl":"","id":8,"conditionalLogic":{"enabled":true,"actionType":"show","logicType":"all","rules":[{"fieldId":"6","operator":"is","value":"Hay\u0131r"},{"fieldId":"7","operator":"is","value":"Hay\u0131r"}]}},"previousButton":{"type":"text","text":"Geri","imageUrl":""},"description":"","allowsPrepopulate":false,"inputMask":false,"inputMaskValue":"","inputMaskIsCustom":false,"maxLength":"","inputType":"","labelPlacement":"","descriptionPlacement":"","subLabelPlacement":"","placeholder":"","cssClass":"","inputName":"","noDuplicates":false,"defaultValue":"","enableAutocomplete":false,"autocompleteAttribute":"","choices":"","conditionalLogic":"","productField":"","layoutGridColumnSpan":12,"enableEnhancedUI":0,"layoutGroupId":"106a72b6","fields":"","multipleFiles":false,"maxFiles":"","calculationFormula":"","calculationRounding":"","enableCalculation":"","disableQuantity":false,"displayAllCategories":false,"useRichTextEditor":false},{"type":"section","id":9,"formId":3,"label":"Proje Kay\u0131t Bilgileri","adminLabel":"","isRequired":false,"size":"large","errorMessage":"","visibility":"visible","inputs":null,"displayOnly":true,"description":"","allowsPrepopulate":false,"inputMask":false,"inputMaskValue":"","inputMaskIsCustom":false,"maxLength":"","inputType":"","labelPlacement":"","descriptionPlacement":"","subLabelPlacement":"","placeholder":"","cssClass":"","inputName":"","noDuplicates":false,"defaultValue":"","enableAutocomplete":false,"autocompleteAttribute":"","choices":"","conditionalLogic":"","productField":"","enableEnhancedUI":0,"layoutGroupId":"34b8044f","multipleFiles":false,"maxFiles":"","calculationFormula":"","calculationRounding":"","enableCalculation":"","disableQuantity":false,"displayAllCategories":false,"useRichTextEditor":false,"errors":[],"fields":""},{"type":"text","id":10,"formId":3,"label":"\u0130\u015f Fikri K\u0131sa Tan\u0131m\u0131 ( Proje Ad\u0131 : Projenize tek bir c\u00fcmle \u015feklinde, k\u0131sa ve \u00f6z olarak, okuyana proje \u00e7al\u0131\u015fmas\u0131 hakk\u0131nda fikir verecek tan\u0131mlama yapabilirsiniz )","adminLabel":"","isRequired":true,"size":"large","errorMessage":"","visibility":"visible","inputs":null,"description":"","allowsPrepopulate":false,"inputMask":false,"inputMaskValue":"","inputMaskIsCustom":false,"maxLength":"","inputType":"","labelPlacement":"","descriptionPlacement":"","subLabelPlacement":"","placeholder":"Yan\u0131t\u0131n\u0131z","cssClass":"","inputName":"","noDuplicates":false,"defaultValue":"","enableAutocomplete":false,"autocompleteAttribute":"","choices":"","conditionalLogic":"","productField":"","layoutGridColumnSpan":12,"enablePasswordInput":"","enableEnhancedUI":0,"layoutGroupId":"ed3cd68b","multipleFiles":false,"maxFiles":"","calculationFormula":"","calculationRounding":"","enableCalculation":"","disableQuantity":false,"displayAllCategories":false,"useRichTextEditor":false,"errors":[],"fields":"","displayOnly":""},{"type":"fileupload","id":11,"formId":3,"label":"Proje Y\u00fcr\u00fct\u00fcc\u00fcs\u00fc \u00d6\u011frenci Belgesi - Mezuniyet Belgesi ( E- Devlet \u00c7\u0131kt\u0131s\u0131 g\u00f6nderilebilir )","adminLabel":"","isRequired":true,"size":"large","errorMessage":"","visibility":"visible","inputs":null,"description":"","allowsPrepopulate":false,"inputMask":false,"inputMaskValue":"","inputMaskIsCustom":false,"maxLength":"","inputType":"","labelPlacement":"","descriptionPlacement":"","subLabelPlacement":"","placeholder":"","cssClass":"","inputName":"","noDuplicates":false,"defaultValue":"","enableAutocomplete":false,"autocompleteAttribute":"","choices":"","conditionalLogic":"","maxFileSize":"","maxFiles":"1","multipleFiles":true,"allowedExtensions":"pdf","productField":"","layoutGridColumnSpan":12,"enableEnhancedUI":0,"layoutGroupId":"1e09bfc8","calculationFormula":"","calculationRounding":"","enableCalculation":"","disableQuantity":false,"displayAllCategories":false,"useRichTextEditor":false,"errors":[],"checkboxLabel":"","fields":"","displayOnly":""},{"type":"name","id":12,"formId":3,"label":"Proje Y\u00fcr\u00fct\u00fcc\u00fcs\u00fc","adminLabel":"","isRequired":true,"size":"large","errorMessage":"","visibility":"visible","nameFormat":"advanced","inputs":[{"id":"12.2","label":"Prefix","name":"","autocompleteAttribute":"honorific-prefix","choices":[{"text":"Dr.","value":"Dr."},{"text":"Miss","value":"Miss"},{"text":"Mr.","value":"Mr."},{"text":"Mrs.","value":"Mrs."},{"text":"Ms.","value":"Ms."},{"text":"Mx.","value":"Mx."},{"text":"Prof.","value":"Prof."},{"text":"Rev.","value":"Rev."}],"isHidden":true,"inputType":"radio"},{"id":"12.3","label":"First","name":"","autocompleteAttribute":"given-name","customLabel":"Ad\u0131","placeholder":"Ad\u0131"},{"id":"12.4","label":"Middle","name":"","autocompleteAttribute":"additional-name","isHidden":true},{"id":"12.6","label":"Last","name":"","autocompleteAttribute":"family-name","customLabel":"Soyad\u0131","placeholder":"Soyad\u0131"},{"id":"12.8","label":"Suffix","name":"","autocompleteAttribute":"honorific-suffix","isHidden":true}],"description":"","allowsPrepopulate":false,"inputMask":false,"inputMaskValue":"","inputMaskIsCustom":false,"maxLength":"","inputType":"","labelPlacement":"","descriptionPlacement":"","subLabelPlacement":"hidden_label","placeholder":"","cssClass":"","inputName":"","noDuplicates":false,"defaultValue":"","enableAutocomplete":false,"autocompleteAttribute":"","choices":"","conditionalLogic":"","productField":"","layoutGridColumnSpan":12,"enableEnhancedUI":0,"layoutGroupId":"be821c93","multipleFiles":false,"maxFiles":"","calculationFormula":"","calculationRounding":"","enableCalculation":"","disableQuantity":false,"displayAllCategories":false,"useRichTextEditor":false,"errors":[],"checkboxLabel":"","fields":"","displayOnly":""},{"type":"number","id":13,"formId":3,"label":"TC Kimlik Numaran\u0131z","adminLabel":"","isRequired":true,"size":"large","errorMessage":"","visibility":"visible","inputs":null,"numberFormat":"decimal_dot","description":"","allowsPrepopulate":false,"inputMask":false,"inputMaskValue":"","inputMaskIsCustom":false,"maxLength":"","inputType":"","labelPlacement":"","descriptionPlacement":"","subLabelPlacement":"","placeholder":"","cssClass":"","inputName":"","noDuplicates":false,"defaultValue":"","enableAutocomplete":false,"autocompleteAttribute":"","choices":"","conditionalLogic":"","enableCalculation":false,"rangeMin":"","rangeMax":"","calculationFormula":"","productField":"","layoutGridColumnSpan":12,"enableEnhancedUI":0,"layoutGroupId":"5dbc6250","multipleFiles":false,"maxFiles":"","calculationRounding":"","disableQuantity":false,"displayAllCategories":false,"useRichTextEditor":false,"errors":[],"fields":"","displayOnly":"","checkboxLabel":""},{"type":"phone","id":51,"formId":3,"label":"Telefon Numaran\u0131z","adminLabel":"","isRequired":true,"size":"large","errorMessage":"","visibility":"visible","inputs":null,"phoneFormat":"international","autocompleteAttribute":"tel","description":"L\u00fctfen telefon numaran\u0131z\u0131  5xxxxxxxxx bi\u00e7iminde yaz\u0131n\u0131z.","allowsPrepopulate":false,"inputMask":false,"inputMaskValue":"","inputMaskIsCustom":false,"maxLength":"","inputType":"","labelPlacement":"","descriptionPlacement":"","subLabelPlacement":"","placeholder":"","cssClass":"","inputName":"","noDuplicates":false,"defaultValue":"","enableAutocomplete":false,"choices":"","conditionalLogic":"","productField":"","layoutGridColumnSpan":12,"enableEnhancedUI":0,"layoutGroupId":"65d5cb91","multipleFiles":false,"maxFiles":"","calculationFormula":"","calculationRounding":"","enableCalculation":"","disableQuantity":false,"displayAllCategories":false,"useRichTextEditor":false,"errors":[],"checkboxLabel":"","fields":"","displayOnly":""},{"type":"email","id":15,"formId":3,"label":"E-Posta","adminLabel":"","isRequired":true,"size":"large","errorMessage":"","visibility":"visible","inputs":null,"autocompleteAttribute":"email","description":"","allowsPrepopulate":false,"inputMask":false,"inputMaskValue":"","inputMaskIsCustom":false,"maxLength":"","inputType":"","labelPlacement":"","descriptionPlacement":"","subLabelPlacement":"","placeholder":"","cssClass":"","inputName":"","noDuplicates":false,"defaultValue":"","enableAutocomplete":false,"choices":"","conditionalLogic":"","productField":"","layoutGridColumnSpan":12,"emailConfirmEnabled":"","enableEnhancedUI":0,"layoutGroupId":"0ec2a1e4","multipleFiles":false,"maxFiles":"","calculationFormula":"","calculationRounding":"","enableCalculation":"","disableQuantity":false,"displayAllCategories":false,"useRichTextEditor":false,"errors":[],"fields":"","displayOnly":""},{"type":"date","id":16,"formId":3,"label":"Do\u011fum Tarihiniz","adminLabel":"","isRequired":true,"size":"large","errorMessage":"","visibility":"visible","inputs":null,"dateType":"datepicker","dateFormat":"mdy","dateFormatPlacement":"below","calendarIconType":"none","description":"","allowsPrepopulate":false,"inputMask":false,"inputMaskValue":"","inputMaskIsCustom":false,"maxLength":"","inputType":"","labelPlacement":"","descriptionPlacement":"","subLabelPlacement":"","placeholder":"","cssClass":"","inputName":"","noDuplicates":false,"defaultValue":"","enableAutocomplete":false,"autocompleteAttribute":"","choices":"","conditionalLogic":"","calendarIconUrl":"","productField":"","layoutGridColumnSpan":12,"enableEnhancedUI":0,"layoutGroupId":"81932233","multipleFiles":false,"maxFiles":"","calculationFormula":"","calculationRounding":"","enableCalculation":"","disableQuantity":false,"displayAllCategories":false,"useRichTextEditor":false,"errors":[],"fields":"","displayOnly":""},{"type":"radio","id":17,"formId":3,"label":"Cinsiyetiniz","adminLabel":"","isRequired":true,"size":"large","errorMessage":"","visibility":"visible","validateState":true,"inputs":null,"choices":[{"text":"Erkek","value":"Erkek","isSelected":false,"price":""},{"text":"Kad\u0131n","value":"Kad\u0131n","isSelected":false,"price":""}],"description":"","allowsPrepopulate":false,"inputMask":false,"inputMaskValue":"","inputMaskIsCustom":false,"maxLength":"","inputType":"","labelPlacement":"","descriptionPlacement":"","subLabelPlacement":"","placeholder":"","cssClass":"","inputName":"","noDuplicates":false,"defaultValue":"","enableAutocomplete":false,"autocompleteAttribute":"","conditionalLogic":"","productField":"","layoutGridColumnSpan":12,"enableOtherChoice":"","enablePrice":"","enableEnhancedUI":0,"layoutGroupId":"e27ca75b","multipleFiles":false,"maxFiles":"","calculationFormula":"","calculationRounding":"","enableCalculation":"","disableQuantity":false,"displayAllCategories":false,"useRichTextEditor":false,"errors":[],"fields":"","displayOnly":""},{"type":"radio","id":18,"formId":3,"label":"Akademisyen misiniz?","adminLabel":"","isRequired":true,"size":"large","errorMessage":"","visibility":"visible","validateState":true,"inputs":null,"choices":[{"text":"Evet","value":"Evet","isSelected":false,"price":""},{"text":"Hay\u0131r","value":"Hay\u0131r","isSelected":false,"price":""}],"description":"","allowsPrepopulate":false,"inputMask":false,"inputMaskValue":"","inputMaskIsCustom":false,"maxLength":"","inputType":"","labelPlacement":"","descriptionPlacement":"","subLabelPlacement":"","placeholder":"","cssClass":"","inputName":"","noDuplicates":false,"defaultValue":"","enableAutocomplete":false,"autocompleteAttribute":"","conditionalLogic":"","productField":"","layoutGridColumnSpan":12,"enableOtherChoice":"","enablePrice":"","enableEnhancedUI":0,"layoutGroupId":"bf7e93e9","multipleFiles":false,"maxFiles":"","calculationFormula":"","calculationRounding":"","enableCalculation":"","disableQuantity":false,"displayAllCategories":false,"useRichTextEditor":false,"errors":[],"fields":"","displayOnly":""},{"type":"radio","id":19,"formId":3,"label":"\u00c7al\u0131\u015f\u0131yor musunuz?","adminLabel":"","isRequired":true,"size":"large","errorMessage":"","visibility":"visible","validateState":true,"inputs":null,"choices":[{"text":"Evet","value":"Evet","isSelected":false,"price":""},{"text":"Hay\u0131r","value":"Hay\u0131r","isSelected":false,"price":""}],"description":"","allowsPrepopulate":false,"inputMask":false,"inputMaskValue":"","inputMaskIsCustom":false,"maxLength":"","inputType":"","labelPlacement":"","descriptionPlacement":"","subLabelPlacement":"","placeholder":"","cssClass":"","inputName":"","noDuplicates":false,"defaultValue":"","enableAutocomplete":false,"autocompleteAttribute":"","conditionalLogic":"","productField":"","layoutGridColumnSpan":12,"enableOtherChoice":"","enablePrice":"","enableEnhancedUI":0,"layoutGroupId":"33615cf8","multipleFiles":false,"maxFiles":"","calculationFormula":"","calculationRounding":"","enableCalculation":"","disableQuantity":false,"displayAllCategories":false,"useRichTextEditor":false,"errors":[],"fields":"","displayOnly":""},{"type":"radio","id":20,"formId":3,"label":"\u00d6\u011frenci misiniz?","adminLabel":"","isRequired":false,"size":"large","errorMessage":"","visibility":"visible","validateState":true,"inputs":null,"choices":[{"text":"Evet","value":"Evet","isSelected":false,"price":""},{"text":"Hay\u0131r","value":"Hay\u0131r","isSelected":false,"price":""}],"description":"","allowsPrepopulate":false,"inputMask":false,"inputMaskValue":"","inputMaskIsCustom":false,"maxLength":"","inputType":"","labelPlacement":"","descriptionPlacement":"","subLabelPlacement":"","placeholder":"","cssClass":"","inputName":"","noDuplicates":false,"defaultValue":"","enableAutocomplete":false,"autocompleteAttribute":"","conditionalLogic":"","productField":"","layoutGridColumnSpan":12,"enableOtherChoice":"","enablePrice":"","enableEnhancedUI":0,"layoutGroupId":"9939a8c3","multipleFiles":false,"maxFiles":"","calculationFormula":"","calculationRounding":"","enableCalculation":"","disableQuantity":false,"displayAllCategories":false,"useRichTextEditor":false,"errors":[],"fields":"","displayOnly":""},{"type":"text","id":21,"formId":3,"label":"A\u00e7\u0131k Adres","adminLabel":"","isRequired":true,"size":"large","errorMessage":"","visibility":"visible","inputs":null,"description":"( \u00d6rnek: Bo\u011fazi\u00e7i Mahallesi, \u00dcniversite Sokak, No: 14 Daire: 3 34123 Rumelihisar\u0131 \/ \u0130stanbul )","allowsPrepopulate":false,"inputMask":false,"inputMaskValue":"","inputMaskIsCustom":false,"maxLength":"","inputType":"","labelPlacement":"","descriptionPlacement":"","subLabelPlacement":"","placeholder":"","cssClass":"","inputName":"","noDuplicates":false,"defaultValue":"","enableAutocomplete":false,"autocompleteAttribute":"","choices":"","conditionalLogic":"","productField":"","layoutGridColumnSpan":12,"enablePasswordInput":"","enableEnhancedUI":0,"layoutGroupId":"321912a2","multipleFiles":false,"maxFiles":"","calculationFormula":"","calculationRounding":"","enableCalculation":"","disableQuantity":false,"displayAllCategories":false,"useRichTextEditor":false,"errors":[],"checkboxLabel":"","fields":"","displayOnly":""},{"type":"text","id":22,"formId":3,"label":"Semt","adminLabel":"","isRequired":true,"size":"large","errorMessage":"","visibility":"visible","inputs":null,"description":"","allowsPrepopulate":false,"inputMask":false,"inputMaskValue":"","inputMaskIsCustom":false,"maxLength":"","inputType":"","labelPlacement":"","descriptionPlacement":"","subLabelPlacement":"","placeholder":"","cssClass":"","inputName":"","noDuplicates":false,"defaultValue":"","enableAutocomplete":false,"autocompleteAttribute":"","choices":"","conditionalLogic":"","productField":"","layoutGridColumnSpan":12,"enablePasswordInput":"","enableEnhancedUI":0,"layoutGroupId":"9c910478","multipleFiles":false,"maxFiles":"","calculationFormula":"","calculationRounding":"","enableCalculation":"","disableQuantity":false,"displayAllCategories":false,"useRichTextEditor":false,"errors":[],"fields":"","displayOnly":""},{"type":"number","id":23,"formId":3,"label":"Posta Kodu","adminLabel":"","isRequired":true,"size":"large","errorMessage":"","visibility":"visible","inputs":null,"numberFormat":"decimal_dot","description":"","allowsPrepopulate":false,"inputMask":false,"inputMaskValue":"","inputMaskIsCustom":false,"maxLength":"","inputType":"","labelPlacement":"","descriptionPlacement":"","subLabelPlacement":"","placeholder":"","cssClass":"","inputName":"","noDuplicates":false,"defaultValue":"","enableAutocomplete":false,"autocompleteAttribute":"","choices":"","conditionalLogic":"","enableCalculation":false,"rangeMin":"","rangeMax":"","calculationFormula":"","productField":"","layoutGridColumnSpan":12,"enableEnhancedUI":0,"layoutGroupId":"d660378d","multipleFiles":false,"maxFiles":"","calculationRounding":"","disableQuantity":false,"displayAllCategories":false,"useRichTextEditor":false,"errors":[],"fields":"","displayOnly":""},{"type":"text","id":24,"formId":3,"label":"Son Derecenin Al\u0131nd\u0131\u011f\u0131 Kurum \u0130smi","adminLabel":"","isRequired":true,"size":"large","errorMessage":"","visibility":"visible","inputs":null,"description":"","allowsPrepopulate":false,"inputMask":false,"inputMaskValue":"","inputMaskIsCustom":false,"maxLength":"","inputType":"","labelPlacement":"","descriptionPlacement":"","subLabelPlacement":"","placeholder":"","cssClass":"","inputName":"","noDuplicates":false,"defaultValue":"","enableAutocomplete":false,"autocompleteAttribute":"","choices":"","conditionalLogic":"","productField":"","layoutGridColumnSpan":12,"enablePasswordInput":"","enableEnhancedUI":0,"layoutGroupId":"38ec89b9","multipleFiles":false,"maxFiles":"","calculationFormula":"","calculationRounding":"","enableCalculation":"","disableQuantity":false,"displayAllCategories":false,"useRichTextEditor":false,"errors":[],"fields":"","displayOnly":""},{"type":"text","id":25,"formId":3,"label":"Son Derecenin Al\u0131nd\u0131\u011f\u0131 Fak\u00fclte\/Enstit\u00fc \u0130smi - B\u00f6l\u00fcm","adminLabel":"","isRequired":true,"size":"large","errorMessage":"","visibility":"visible","inputs":null,"description":"\u00d6rnek: Fen Fak\u00fcltesi - Matematik B\u00f6l\u00fcm\u00fc","allowsPrepopulate":false,"inputMask":false,"inputMaskValue":"","inputMaskIsCustom":false,"maxLength":"","inputType":"","labelPlacement":"","descriptionPlacement":"","subLabelPlacement":"","placeholder":"","cssClass":"","inputName":"","noDuplicates":false,"defaultValue":"","enableAutocomplete":false,"autocompleteAttribute":"","choices":"","conditionalLogic":"","productField":"","layoutGridColumnSpan":12,"enablePasswordInput":"","enableEnhancedUI":0,"layoutGroupId":"697aa48b","multipleFiles":false,"maxFiles":"","calculationFormula":"","calculationRounding":"","enableCalculation":"","disableQuantity":false,"displayAllCategories":false,"useRichTextEditor":false,"errors":[],"checkboxLabel":"","fields":"","displayOnly":""},{"type":"radio","id":26,"formId":3,"label":"Son Al\u0131nan Derece","adminLabel":"","isRequired":true,"size":"large","errorMessage":"","visibility":"visible","validateState":true,"inputs":null,"choices":[{"text":"Lise","value":"Lise","isSelected":false,"price":""},{"text":"Lisans","value":"Lisans","isSelected":false,"price":""},{"text":"Y\u00fcksek Lisans","value":"Y\u00fcksek Lisans","isSelected":false,"price":""},{"text":"Doktora","value":"Doktora","isSelected":false,"price":""}],"description":"","allowsPrepopulate":false,"inputMask":false,"inputMaskValue":"","inputMaskIsCustom":false,"maxLength":"","inputType":"","labelPlacement":"","descriptionPlacement":"","subLabelPlacement":"","placeholder":"","cssClass":"","inputName":"","noDuplicates":false,"defaultValue":"","enableAutocomplete":false,"autocompleteAttribute":"","conditionalLogic":"","productField":"","layoutGridColumnSpan":12,"enableOtherChoice":"","enablePrice":"","enableEnhancedUI":0,"layoutGroupId":"0ec0bc79","multipleFiles":false,"maxFiles":"","calculationFormula":"","calculationRounding":"","enableCalculation":"","disableQuantity":false,"displayAllCategories":false,"useRichTextEditor":false,"errors":[],"fields":"","displayOnly":""},{"type":"date","id":27,"formId":3,"label":"Son Al\u0131nan Derece Tarihi","adminLabel":"","isRequired":true,"size":"large","errorMessage":"","visibility":"visible","inputs":null,"dateType":"datepicker","dateFormat":"mdy","dateFormatPlacement":"below","calendarIconType":"none","description":"","allowsPrepopulate":false,"inputMask":false,"inputMaskValue":"","inputMaskIsCustom":false,"maxLength":"","inputType":"","labelPlacement":"","descriptionPlacement":"","subLabelPlacement":"","placeholder":"","cssClass":"","inputName":"","noDuplicates":false,"defaultValue":"","enableAutocomplete":false,"autocompleteAttribute":"","choices":"","conditionalLogic":"","calendarIconUrl":"","productField":"","layoutGridColumnSpan":12,"enableEnhancedUI":0,"layoutGroupId":"6358b47a","multipleFiles":false,"maxFiles":"","calculationFormula":"","calculationRounding":"","enableCalculation":"","disableQuantity":false,"displayAllCategories":false,"useRichTextEditor":false,"errors":[],"fields":"","displayOnly":""},{"type":"section","id":28,"formId":3,"label":"E\u011fer e\u011fitiminiz devam ediyorsa a\u015fa\u011f\u0131daki sorular\u0131 cevaplay\u0131n\u0131z.","adminLabel":"","isRequired":false,"size":"large","errorMessage":"","visibility":"visible","inputs":null,"displayOnly":true,"description":"","allowsPrepopulate":false,"inputMask":false,"inputMaskValue":"","inputMaskIsCustom":false,"maxLength":"","inputType":"","labelPlacement":"","descriptionPlacement":"","subLabelPlacement":"","placeholder":"","cssClass":"","inputName":"","noDuplicates":false,"defaultValue":"","enableAutocomplete":false,"autocompleteAttribute":"","choices":"","conditionalLogic":"","productField":"","enableEnhancedUI":0,"layoutGroupId":"446d0ca7","multipleFiles":false,"maxFiles":"","calculationFormula":"","calculationRounding":"","enableCalculation":"","disableQuantity":false,"displayAllCategories":false,"useRichTextEditor":false,"errors":[],"fields":""},{"type":"text","id":29,"formId":3,"label":"\u00dcniversite \u0130smi","adminLabel":"","isRequired":false,"size":"large","errorMessage":"","visibility":"visible","inputs":null,"description":"","allowsPrepopulate":false,"inputMask":false,"inputMaskValue":"","inputMaskIsCustom":false,"maxLength":"","inputType":"","labelPlacement":"","descriptionPlacement":"","subLabelPlacement":"","placeholder":"","cssClass":"","inputName":"","noDuplicates":false,"defaultValue":"","enableAutocomplete":false,"autocompleteAttribute":"","choices":"","conditionalLogic":"","productField":"","layoutGridColumnSpan":12,"enablePasswordInput":"","enableEnhancedUI":0,"layoutGroupId":"7937c8ce","multipleFiles":false,"maxFiles":"","calculationFormula":"","calculationRounding":"","enableCalculation":"","disableQuantity":false,"displayAllCategories":false,"useRichTextEditor":false,"errors":[],"fields":"","displayOnly":""},{"type":"radio","id":30,"formId":3,"label":"E\u011fitim G\u00f6rd\u00fc\u011f\u00fcn\u00fcz Program","adminLabel":"","isRequired":false,"size":"large","errorMessage":"","visibility":"visible","validateState":true,"inputs":null,"choices":[{"text":"Lisans","value":"Lisans","isSelected":false,"price":""},{"text":"Y\u00fcksek Lisans","value":"Y\u00fcksek Lisans","isSelected":false,"price":""},{"text":"Doktora","value":"Doktora","isSelected":false,"price":""}],"description":"","allowsPrepopulate":false,"inputMask":false,"inputMaskValue":"","inputMaskIsCustom":false,"maxLength":"","inputType":"","labelPlacement":"","descriptionPlacement":"","subLabelPlacement":"","placeholder":"","cssClass":"","inputName":"","noDuplicates":false,"defaultValue":"","enableAutocomplete":false,"autocompleteAttribute":"","conditionalLogic":"","productField":"","layoutGridColumnSpan":12,"enableOtherChoice":"","enablePrice":"","enableEnhancedUI":0,"layoutGroupId":"88ea2ea8","multipleFiles":false,"maxFiles":"","calculationFormula":"","calculationRounding":"","enableCalculation":"","disableQuantity":false,"displayAllCategories":false,"useRichTextEditor":false,"errors":[],"fields":"","displayOnly":""},{"type":"text","id":31,"formId":3,"label":"E\u011fitim G\u00f6rd\u00fc\u011f\u00fcn\u00fcz Program","adminLabel":"","isRequired":false,"size":"large","errorMessage":"","visibility":"visible","inputs":null,"description":"","allowsPrepopulate":false,"inputMask":false,"inputMaskValue":"","inputMaskIsCustom":false,"maxLength":"","inputType":"","labelPlacement":"","descriptionPlacement":"","subLabelPlacement":"","placeholder":"","cssClass":"","inputName":"","noDuplicates":false,"defaultValue":"","enableAutocomplete":false,"autocompleteAttribute":"","choices":"","conditionalLogic":"","productField":"","layoutGridColumnSpan":12,"enablePasswordInput":"","enableEnhancedUI":0,"layoutGroupId":"9c80ca1b","multipleFiles":false,"maxFiles":"","calculationFormula":"","calculationRounding":"","enableCalculation":"","disableQuantity":false,"displayAllCategories":false,"useRichTextEditor":false,"errors":[],"fields":"","displayOnly":""},{"type":"date","id":32,"formId":3,"label":"Beklenen Mezuniyet Tarihi","adminLabel":"","isRequired":false,"size":"large","errorMessage":"","visibility":"visible","inputs":null,"dateType":"datepicker","dateFormat":"mdy","dateFormatPlacement":"below","calendarIconType":"none","description":"","allowsPrepopulate":false,"inputMask":false,"inputMaskValue":"","inputMaskIsCustom":false,"maxLength":"","inputType":"","labelPlacement":"","descriptionPlacement":"","subLabelPlacement":"","placeholder":"","cssClass":"","inputName":"","noDuplicates":false,"defaultValue":"","enableAutocomplete":false,"autocompleteAttribute":"","choices":"","conditionalLogic":"","calendarIconUrl":"","productField":"","layoutGridColumnSpan":12,"enableEnhancedUI":0,"layoutGroupId":"b9059748","multipleFiles":false,"maxFiles":"","calculationFormula":"","calculationRounding":"","enableCalculation":"","disableQuantity":false,"displayAllCategories":false,"useRichTextEditor":false,"errors":[],"fields":"","displayOnly":""},{"type":"page","id":33,"formId":3,"label":"","adminLabel":"","isRequired":false,"size":"large","errorMessage":"","visibility":"visible","inputs":null,"displayOnly":true,"nextButton":{"type":"text","text":"Next","imageUrl":""},"previousButton":{"type":"text","text":"Previous","imageUrl":""},"description":"","allowsPrepopulate":false,"inputMask":false,"inputMaskValue":"","inputMaskIsCustom":"","maxLength":"","inputType":"","labelPlacement":"","descriptionPlacement":"","subLabelPlacement":"","placeholder":"","cssClass":"","inputName":"","noDuplicates":false,"defaultValue":"","enableAutocomplete":false,"autocompleteAttribute":"","choices":"","conditionalLogic":"","productField":"","layoutGridColumnSpan":12,"enableEnhancedUI":0,"layoutGroupId":"c87a1126","fields":""},{"type":"section","id":34,"formId":3,"label":"Proje \u0130\u00e7eri\u011fi","adminLabel":"","isRequired":false,"size":"large","errorMessage":"","visibility":"visible","inputs":null,"displayOnly":true,"description":"","allowsPrepopulate":false,"inputMask":false,"inputMaskValue":"","inputMaskIsCustom":false,"maxLength":"","inputType":"","labelPlacement":"","descriptionPlacement":"","subLabelPlacement":"","placeholder":"","cssClass":"","inputName":"","noDuplicates":false,"defaultValue":"","enableAutocomplete":false,"autocompleteAttribute":"","choices":"","conditionalLogic":"","productField":"","enableEnhancedUI":0,"layoutGroupId":"29ebd08a","multipleFiles":false,"maxFiles":"","calculationFormula":"","calculationRounding":"","enableCalculation":"","disableQuantity":false,"displayAllCategories":false,"useRichTextEditor":false,"errors":[],"fields":""},{"type":"textarea","id":35,"formId":3,"label":"\u0130\u015f Fikri \u00d6zeti","adminLabel":"","isRequired":true,"size":"large","errorMessage":"","visibility":"visible","inputs":null,"description":"En fazla 1000 karakter.","allowsPrepopulate":false,"inputMask":false,"inputMaskValue":"","inputMaskIsCustom":false,"maxLength":1000,"inputType":"","labelPlacement":"","descriptionPlacement":"","subLabelPlacement":"","placeholder":"","cssClass":"","inputName":"","noDuplicates":false,"defaultValue":"","enableAutocomplete":false,"autocompleteAttribute":"","choices":"","conditionalLogic":"","productField":"","layoutGridColumnSpan":12,"form_id":"","useRichTextEditor":false,"enableEnhancedUI":0,"layoutGroupId":"ce9b1a51","multipleFiles":false,"maxFiles":"","calculationFormula":"","calculationRounding":"","enableCalculation":"","disableQuantity":false,"displayAllCategories":false,"errors":[],"checkboxLabel":"","fields":"","displayOnly":""},{"type":"text","id":36,"formId":3,"label":"Piyasadaki kar\u015f\u0131l\u0131k bulamayan \/ yeni olu\u015fan ihtiyac\u0131 ve hedef m\u00fc\u015fteri kitlesini tan\u0131mlay\u0131n\u0131z.","adminLabel":"","isRequired":true,"size":"large","errorMessage":"","visibility":"visible","inputs":null,"description":"","allowsPrepopulate":false,"inputMask":false,"inputMaskValue":"","inputMaskIsCustom":false,"maxLength":"","inputType":"","labelPlacement":"","descriptionPlacement":"","subLabelPlacement":"","placeholder":"","cssClass":"","inputName":"","noDuplicates":false,"defaultValue":"","enableAutocomplete":false,"autocompleteAttribute":"","choices":"","conditionalLogic":"","productField":"","layoutGridColumnSpan":12,"enablePasswordInput":"","enableEnhancedUI":0,"layoutGroupId":"31038b76","multipleFiles":false,"maxFiles":"","calculationFormula":"","calculationRounding":"","enableCalculation":"","disableQuantity":false,"displayAllCategories":false,"useRichTextEditor":false,"errors":[],"fields":"","displayOnly":""},{"type":"text","id":37,"formId":3,"label":"\u0130\u015f fikriniz \/ plan\u0131n\u0131z\u0131 detayl\u0131 a\u00e7\u0131klay\u0131n\u0131z ve potansiyelini anlat\u0131n\u0131z.","adminLabel":"","isRequired":true,"size":"large","errorMessage":"","visibility":"visible","inputs":null,"description":"","allowsPrepopulate":false,"inputMask":false,"inputMaskValue":"","inputMaskIsCustom":false,"maxLength":"","inputType":"","labelPlacement":"","descriptionPlacement":"","subLabelPlacement":"","placeholder":"","cssClass":"","inputName":"","noDuplicates":false,"defaultValue":"","enableAutocomplete":false,"autocompleteAttribute":"","choices":"","conditionalLogic":"","productField":"","layoutGridColumnSpan":12,"enablePasswordInput":"","enableEnhancedUI":0,"layoutGroupId":"3d19dd56","multipleFiles":false,"maxFiles":"","calculationFormula":"","calculationRounding":"","enableCalculation":"","disableQuantity":false,"displayAllCategories":false,"useRichTextEditor":false,"errors":[],"fields":"","displayOnly":""},{"type":"text","id":38,"formId":3,"label":"Teklifinizin teknik konseptini ve ilgili teknik zorluklar\u0131 tan\u0131mlay\u0131n\u0131z.","adminLabel":"","isRequired":true,"size":"large","errorMessage":"","visibility":"visible","inputs":null,"description":"","allowsPrepopulate":false,"inputMask":false,"inputMaskValue":"","inputMaskIsCustom":false,"maxLength":"","inputType":"","labelPlacement":"","descriptionPlacement":"","subLabelPlacement":"","placeholder":"","cssClass":"","inputName":"","noDuplicates":false,"defaultValue":"","enableAutocomplete":false,"autocompleteAttribute":"","choices":"","conditionalLogic":"","productField":"","layoutGridColumnSpan":12,"enablePasswordInput":"","enableEnhancedUI":0,"layoutGroupId":"12dc4918","multipleFiles":false,"maxFiles":"","calculationFormula":"","calculationRounding":"","enableCalculation":"","disableQuantity":false,"displayAllCategories":false,"useRichTextEditor":false,"errors":[],"fields":"","displayOnly":""},{"type":"text","id":39,"formId":3,"label":"Yerel ve uluslar aras\u0131 rakiplerinizi ve onlar\u0131n \u00e7\u00f6z\u00fcmlerini a\u00e7\u0131klay\u0131n\u0131z.","adminLabel":"","isRequired":true,"size":"large","errorMessage":"","visibility":"visible","inputs":null,"description":"","allowsPrepopulate":false,"inputMask":false,"inputMaskValue":"","inputMaskIsCustom":false,"maxLength":"","inputType":"","labelPlacement":"","descriptionPlacement":"","subLabelPlacement":"","placeholder":"","cssClass":"","inputName":"","noDuplicates":false,"defaultValue":"","enableAutocomplete":false,"autocompleteAttribute":"","choices":"","conditionalLogic":"","productField":"","layoutGridColumnSpan":12,"enablePasswordInput":"","enableEnhancedUI":0,"layoutGroupId":"c114e141","multipleFiles":false,"maxFiles":"","calculationFormula":"","calculationRounding":"","enableCalculation":"","disableQuantity":false,"displayAllCategories":false,"useRichTextEditor":false,"errors":[],"fields":"","displayOnly":""},{"type":"text","id":40,"formId":3,"label":"\u0130\u015f fikrinizin inovatif y\u00f6n\u00fcn\u00fcn alt\u0131n\u0131 \u00e7iziniz ve rakiplerden farkl\u0131la\u015fan yanlar\u0131n\u0131 belirtiniz.","adminLabel":"","isRequired":true,"size":"large","errorMessage":"","visibility":"visible","inputs":null,"description":"","allowsPrepopulate":false,"inputMask":false,"inputMaskValue":"","inputMaskIsCustom":false,"maxLength":"","inputType":"","labelPlacement":"","descriptionPlacement":"","subLabelPlacement":"","placeholder":"","cssClass":"","inputName":"","noDuplicates":false,"defaultValue":"","enableAutocomplete":false,"autocompleteAttribute":"","choices":"","conditionalLogic":"","productField":"","layoutGridColumnSpan":12,"enablePasswordInput":"","enableEnhancedUI":0,"layoutGroupId":"e39a7277","multipleFiles":false,"maxFiles":"","calculationFormula":"","calculationRounding":"","enableCalculation":"","disableQuantity":false,"displayAllCategories":false,"useRichTextEditor":false,"errors":[],"fields":"","displayOnly":""},{"type":"text","id":41,"formId":3,"label":"B\u0130GG sizin i\u00e7in nas\u0131l bir fark yaratacak ve i\u015f fikriniz T\u00fcrkiye\u2019nin stratejik hedeflerine nas\u0131l bir katk\u0131 sa\u011flayacak?","adminLabel":"","isRequired":true,"size":"large","errorMessage":"","visibility":"visible","inputs":null,"description":"","allowsPrepopulate":false,"inputMask":false,"inputMaskValue":"","inputMaskIsCustom":false,"maxLength":"","inputType":"","labelPlacement":"","descriptionPlacement":"","subLabelPlacement":"","placeholder":"","cssClass":"","inputName":"","noDuplicates":false,"defaultValue":"","enableAutocomplete":false,"autocompleteAttribute":"","choices":"","conditionalLogic":"","productField":"","layoutGridColumnSpan":12,"enablePasswordInput":"","enableEnhancedUI":0,"layoutGroupId":"dce6db87","multipleFiles":false,"maxFiles":"","calculationFormula":"","calculationRounding":"","enableCalculation":"","disableQuantity":false,"displayAllCategories":false,"useRichTextEditor":false,"errors":[],"fields":"","displayOnly":""},{"type":"text","id":42,"formId":3,"label":"Fikriniz ile ilgili en b\u00fcy\u00fck riski a\u00e7\u0131klay\u0131n\u0131z.","adminLabel":"","isRequired":true,"size":"large","errorMessage":"","visibility":"visible","inputs":null,"description":"","allowsPrepopulate":false,"inputMask":false,"inputMaskValue":"","inputMaskIsCustom":false,"maxLength":"","inputType":"","labelPlacement":"","descriptionPlacement":"","subLabelPlacement":"","placeholder":"","cssClass":"","inputName":"","noDuplicates":false,"defaultValue":"","enableAutocomplete":false,"autocompleteAttribute":"","choices":"","conditionalLogic":"","productField":"","layoutGridColumnSpan":12,"enablePasswordInput":"","enableEnhancedUI":0,"layoutGroupId":"09f23aea","multipleFiles":false,"maxFiles":"","calculationFormula":"","calculationRounding":"","enableCalculation":"","disableQuantity":false,"displayAllCategories":false,"useRichTextEditor":false,"errors":[],"fields":"","displayOnly":""},{"type":"text","id":43,"formId":3,"label":"\u0130\u015f fikrinizin ba\u015far\u0131l\u0131 bir \u015fekilde hayata ge\u00e7mesi i\u00e7in en \u00f6nemli aktiviteleri, bu s\u00fcre\u00e7teki kilometer ta\u015flar\u0131n\u0131z\u0131 ve zaman plan\u0131n\u0131z\u0131 belirtiniz.","adminLabel":"","isRequired":true,"size":"large","errorMessage":"","visibility":"visible","inputs":null,"description":"","allowsPrepopulate":false,"inputMask":false,"inputMaskValue":"","inputMaskIsCustom":false,"maxLength":"","inputType":"","labelPlacement":"","descriptionPlacement":"","subLabelPlacement":"","placeholder":"","cssClass":"","inputName":"","noDuplicates":false,"defaultValue":"","enableAutocomplete":false,"autocompleteAttribute":"","choices":"","conditionalLogic":"","productField":"","layoutGridColumnSpan":12,"enablePasswordInput":"","enableEnhancedUI":0,"layoutGroupId":"9d90527f","multipleFiles":false,"maxFiles":"","calculationFormula":"","calculationRounding":"","enableCalculation":"","disableQuantity":false,"displayAllCategories":false,"useRichTextEditor":false,"errors":[],"fields":"","displayOnly":""},{"type":"text","id":44,"formId":3,"label":"En \u00f6nemli harcamalar\u0131n\u0131z ve yat\u0131r\u0131m ihtiya\u00e7lar\u0131n\u0131z nelerdir ve bunlar ne zaman gerekli olacak?","adminLabel":"","isRequired":true,"size":"large","errorMessage":"","visibility":"visible","inputs":null,"description":"","allowsPrepopulate":false,"inputMask":false,"inputMaskValue":"","inputMaskIsCustom":false,"maxLength":"","inputType":"","labelPlacement":"","descriptionPlacement":"","subLabelPlacement":"","placeholder":"","cssClass":"","inputName":"","noDuplicates":false,"defaultValue":"","enableAutocomplete":false,"autocompleteAttribute":"","choices":"","conditionalLogic":"","productField":"","layoutGridColumnSpan":12,"enablePasswordInput":"","enableEnhancedUI":0,"layoutGroupId":"4a5aa0c4","multipleFiles":false,"maxFiles":"","calculationFormula":"","calculationRounding":"","enableCalculation":"","disableQuantity":false,"displayAllCategories":false,"useRichTextEditor":false,"errors":[],"fields":"","displayOnly":""},{"type":"radio","id":45,"formId":3,"label":"Ekip \u00dcyesi Var M\u0131?","adminLabel":"","isRequired":true,"size":"large","errorMessage":"","visibility":"visible","validateState":true,"inputs":null,"choices":[{"text":"Evet","value":"Evet","isSelected":false,"price":""},{"text":"Hay\u0131r","value":"Hay\u0131r","isSelected":false,"price":""}],"description":"","allowsPrepopulate":false,"inputMask":false,"inputMaskValue":"","inputMaskIsCustom":false,"maxLength":"","inputType":"","labelPlacement":"","descriptionPlacement":"","subLabelPlacement":"","placeholder":"","cssClass":"","inputName":"","noDuplicates":false,"defaultValue":"","enableAutocomplete":false,"autocompleteAttribute":"","conditionalLogic":"","productField":"","layoutGridColumnSpan":12,"enableOtherChoice":"","enablePrice":"","enableEnhancedUI":0,"layoutGroupId":"a5a00925","multipleFiles":false,"maxFiles":"","calculationFormula":"","calculationRounding":"","enableCalculation":"","disableQuantity":false,"displayAllCategories":false,"useRichTextEditor":false,"errors":[],"fields":"","displayOnly":""},{"type":"page","id":46,"formId":3,"label":"","adminLabel":"","isRequired":false,"size":"large","errorMessage":"","visibility":"visible","inputs":null,"displayOnly":true,"nextButton":{"type":"text","text":"Sonraki","imageUrl":"","id":46},"previousButton":{"type":"text","text":"Geri","imageUrl":""},"description":"","allowsPrepopulate":false,"inputMask":false,"inputMaskValue":"","inputMaskIsCustom":false,"maxLength":"","inputType":"","labelPlacement":"","descriptionPlacement":"","subLabelPlacement":"","placeholder":"","cssClass":"","inputName":"","noDuplicates":false,"defaultValue":"","enableAutocomplete":false,"autocompleteAttribute":"","choices":"","conditionalLogic":"","productField":"","layoutGridColumnSpan":12,"enableEnhancedUI":0,"layoutGroupId":"0cc3d580","multipleFiles":false,"maxFiles":"","calculationFormula":"","calculationRounding":"","enableCalculation":"","disableQuantity":false,"displayAllCategories":false,"useRichTextEditor":false,"fields":""},{"type":"section","id":49,"formId":3,"label":"TAAHH\u00dcTNAME","adminLabel":"","isRequired":false,"size":"large","errorMessage":"","visibility":"visible","inputs":null,"displayOnly":true,"description":"","allowsPrepopulate":false,"inputMask":false,"inputMaskValue":"","inputMaskIsCustom":false,"maxLength":"","inputType":"","labelPlacement":"","descriptionPlacement":"","subLabelPlacement":"","placeholder":"","cssClass":"","inputName":"","noDuplicates":false,"defaultValue":"","enableAutocomplete":false,"autocompleteAttribute":"","choices":"","conditionalLogic":"","productField":"","enableEnhancedUI":0,"layoutGroupId":"509e0b0f","multipleFiles":false,"maxFiles":"","calculationFormula":"","calculationRounding":"","enableCalculation":"","disableQuantity":false,"displayAllCategories":false,"useRichTextEditor":false,"errors":[],"fields":""},{"type":"html","id":47,"formId":3,"label":"","adminLabel":"","isRequired":false,"size":"large","errorMessage":"","visibility":"visible","inputs":null,"displayOnly":true,"description":"","allowsPrepopulate":false,"inputMask":false,"inputMaskValue":"","inputMaskIsCustom":false,"maxLength":"","inputType":"","labelPlacement":"","descriptionPlacement":"","subLabelPlacement":"","placeholder":"","cssClass":"","inputName":"","noDuplicates":false,"defaultValue":"","enableAutocomplete":false,"autocompleteAttribute":"","choices":"","conditionalLogic":"","content":"<p>\u201cT\u00fcrkiye Bilimsel ve Teknolojik Ara\u015ft\u0131rma Kurumu Teknoloji ve Yenilik Destek Programlar\u0131na \u0130li\u015fkin Y\u00f6netmelik\u201d (Y\u00f6netmelik) ve \u201cT\u00dcB\u0130TAK Teknogiri\u015fim Sermayesi Deste\u011fi Uygulama Esaslar\u0131\u201d (Uygulama Esaslar\u0131)\u201d \u00e7er\u00e7evesinde, \u201dBireysel Gen\u00e7 Giri\u015fim (BiGG)\u201d olarak da an\u0131lan \u201c1512 - Teknogiri\u015fim Sermayesi Deste\u011fi Program\u0131\u201d kapsam\u0131nda de\u011ferlendirilmek \u00fczere Bo\u011fazi\u00e7i \u00dcniversitesi Teknoloji Transfer Ofisi A.\u015e.\u2019ye (Bundan sonra \u201cBo\u011fazi\u00e7i TTO\u201d olarak an\u0131lacakt\u0131r.) \u00f6n ba\u015fvuru yapt\u0131\u011f\u0131m i\u015f fikrime ili\u015fkin olarak;<br><br>&nbsp;\u2022 Ba\u015fvuru s\u00fcre\u00e7lerinde kimlik bilgilerimi do\u011fru beyan etti\u011fimi,<br><br>\u2022 \u00c7a\u011fr\u0131 duyurusunda belirtilen \u00f6n ba\u015fvuru ko\u015fullar\u0131n\u0131 sa\u011flad\u0131\u011f\u0131m\u0131 ve <a href=\"http:\/\/www.boundreambigg.com\">www.boundreambigg.com<\/a>\u2019 a girdi\u011fim bilgileri do\u011fru beyan etti\u011fimi, <br><br>\u2022 Bo\u011fazi\u00e7i TTO taraf\u0131ndan i\u015f fikrimin T\u00dcB\u0130TAK\u2019a sunulmas\u0131n\u0131n geciktirilmesinden ve\/veya Bo\u011fazi\u00e7i TTO taraf\u0131ndan yap\u0131lacak de\u011ferlendirmeye istinaden T\u00dcB\u0130TAK'a sunulmaya uygunbulunmamas\u0131ndan kaynaklanan hak kay\u0131plar\u0131ndan dolay\u0131 Bo\u011fazi\u00e7i TTO\u2019 ya ve T\u00dcBTAK'a kar\u015f\u0131 hi\u00e7bir hak talebinde bulunmayaca\u011f\u0131m\u0131, <br><br>\u2022 \u0130lgili destek program\u0131na ili\u015fkin <a href=\"http:\/\/www.tubitak.gov.tr\">www.tubitak.gov.tr<\/a>&nbsp;adresinde yer alan mevzuat hakk\u0131nda tam olarak bilgi sahibi oldu\u011fumu, s\u00f6z konusu mevzuat hakk\u0131ndaki geli\u015fmeleri s\u0131kl\u0131kla takip edece\u011fimi ve mevzuata uygun hareket edece\u011fimi,<br><br>\u2022 Program\u0131n ba\u015fvuru de\u011ferlendirme ve izleme dahil t\u00fcm s\u00fcre\u00e7lerinde, Bo\u011fazi\u00e7i TTO ile yap\u0131lan her t\u00fcrl\u00fc ba\u015fvuru, ileti\u015fim ve yaz\u0131\u015fmalarda yer alan bilgi, belge ve dok\u00fcmanlar\u0131n her t\u00fcrl\u00fc kay\u0131p, ihlal, if\u015fa ve zarar\u0131ndan Bo\u011fazi\u00e7i TTO\u2019 nun sorumlu olmayaca\u011f\u0131n\u0131 bildi\u011fimi, bu nedenle Bo\u011fazi\u00e7i TTO\u2019ya kar\u015f\u0131 herhangi bir talepte bulunmayaca\u011f\u0131m\u0131, <br><br>\u2022\u0130\u015f Fikrim ile ilgili bu ba\u015fvurumun kamuya a\u00e7\u0131k bir elektronik ortam oldu\u011funu, bu nedenle her t\u00fcrl\u00fc ihlal ve giri\u015fime a\u00e7\u0131k oldu\u011funu bildi\u011fimi, hert\u00fcrl\u00fc fikri ve s\u0131nai hak korumas\u0131n\u0131n taraf\u0131mdan sa\u011flanmas\u0131n\u0131n gerekti\u011fini bildi\u011fimi, Bo\u011fazi\u00e7i TTO\u2019 nun elektronik ortam korumas\u0131 dahil ve bununla s\u0131n\u0131rl\u0131 olmamak \u00fczere bu konuda y\u00fcr\u00fctt\u00fc\u011f\u00fc faaliyetlerle ilgili hi\u00e7 bir sorumlulu\u011funun bulunmad\u0131g\u0131n\u0131 kabul etti\u011fimi,<br><br>\u2022 Program\u0131n ba\u015fvuru de\u011ferlendirme ve izleme dahil t\u00fcm s\u00fcre\u00e7lerinde Bo\u011fazi\u00e7i TTO\u2019 ya, <a href=\"http:\/\/www.boundreambigg.com\">www.boundreambigg.com<\/a>\u2019 adresinden elektronik ortamda ba\u015fvuru yapt\u0131\u011f\u0131m i\u015f plan\u0131 ve t\u00fcm bilgiler ile ilgili verilen t\u00fcm bilgi ve belgelerde ihtilaf olmas\u0131 halinde, Bo\u011fazi\u00e7i TTO\u2019 nun elektronik ortamdaki veri kay\u0131tlar\u0131n\u0131n esas al\u0131naca\u011f\u0131n\u0131 bildi\u011fimi, <br><br>\u2022 \u00c7a\u011fr\u0131 metninde belirtilen uygulay\u0131c\u0131 kurulu\u015f olarak Bo\u011fazi\u00e7i TTO\u2019ya yapt\u0131\u011f\u0131m \u00f6n ba\u015fvurum sonucunda, i\u015f fikrimin se\u00e7ti\u011fim uygulay\u0131c\u0131 kurulu\u015f olan Bo\u011fazi\u00e7i TTO ile payla\u015fmam\u0131n sonu\u00e7lar\u0131ndan Bo\u011fazi\u00e7i TTO\u2019 yu sorumlu tutmayaca\u011f\u0131m\u0131, <br><br>\u2022 \u0130\u015f fikri ve 1. \u0130le 2. a\u015fama s\u00fcresince haz\u0131rlayaca\u011f\u0131m i\u015f plan\u0131 ile ilgili Bo\u011fazi\u00e7i TTO ve Bo\u011fazi\u00e7i TTO\u2019 nun g\u00f6revlendirdi\u011fi ki\u015filere verdi\u011fim t\u00fcm bilgi ve belgelerde ger\u00e7e\u011fe uygun bilgi verdi\u011fimi ve verece\u011fimi, i\u015f plan\u0131\/proje faaliyetlerini y\u00fcr\u00fctmek \u00fczere g\u00f6revlendirilen\/g\u00f6revlendirilecek personele ili\u015fkin verilen e\u011fitim bilgilerinin ger\u00e7e\u011fe uygun oldu\u011funu ve gerekti\u011finde Bo\u011fazi\u00e7i TTO taraf\u0131ndan gerekli denetim ve izlemelerin yap\u0131labilmesi i\u00e7in her t\u00fcrl\u00fc bilgi ve belgeyi ibraz edece\u011fimi,<br><br>\u2022 \u0130\u015f fikrimin ve i\u015f plan\u0131m\u0131n de\u011ferlendirilmesinde Bo\u011fazi\u00e7i TTO taraf\u0131ndan g\u00f6revli izleyici ve panelistlerin etik ve her t\u00fcrl\u00fc ihlallerinden Bo\u011fazi\u00e7i TTO\u2019 yu sorumlu tutmayaca\u011f\u0131m\u0131,<br><br>\u2022 I\u015f plan\u0131 ve i\u015f plan\u0131n\u0131n \u00e7\u0131kt\u0131lar\u0131yla ilgili olarak bas\u0131na yap\u0131lan a\u00e7\u0131klama ve kamuoyuna y\u00f6nelik duyurularda i\u015f plan\u0131n\u0131n DREAMBiGG taraf\u0131ndan desteklendi\u011fini belirtece\u011fimi, bu hususu belirtirken Bo\u011fazi\u00e7i TTO'dan yaz\u0131l\u0131 izin almaks\u0131z\u0131n Bo\u011fazi\u00e7i \u00dcniversitesi, &nbsp;Bo\u011fazi\u00e7i \u00dcniversitesiTeknoloji Transfer Ofisi, Program partner ve destek\u00e7ileri, DREAMBiGG\u2019 e ait herhangi bir g\u00f6rseli (logo, marka vb.) kullanmayaca\u011f\u0131m\u0131,<br><br>\u2022 \u0130\u015fbu taahh\u00fctnamede yer alan maddelerin tamam\u0131 hakk\u0131nda ayr\u0131 ayr\u0131 ve bir b\u00fct\u00fcn olarak bilgilendirildi\u011fimi ve her bir madde ve sonu\u00e7lar\u0131 hakk\u0131nda bilgi sahibi oldu\u011fumu, <br><br>&nbsp;<br><br>Gayrikabili r\u00fcc\u2019u kabul ve taahh\u00fct ederim.<br><br>Yukar\u0131da uymay\u0131 kabul ve taahh\u00fct etti\u011fim kurallara uymad\u0131\u011f\u0131m\u0131n ve\/veya Bo\u011fazi\u00e7i TTO taraf\u0131ndan, verdi\u011fim bilgilerde ger\u00e7e\u011fe ayk\u0131r\u0131 olgular\u0131n saptanmas\u0131 halinde, Bo\u011fazi\u00e7i TTO taraf\u0131ndan bu konuda al\u0131nacak t\u00fcm kararlara (bu programdan \u00e7\u0131kar\u0131lmam dahil) uyaca\u011f\u0131m\u0131 ve uygulanacak yapt\u0131r\u0131mlar\u0131n taraf\u0131ma do\u011frudan uygulanma kabiliyeti bulundu\u011funu, bu kararlara ve yapt\u0131r\u0131mlara kar\u015f\u0131 herhangi bir itiraz imk\u00e2n\u0131m\u0131n bulunmad\u0131\u011f\u0131n\u0131 gayri kabili r\u00fcc\u2019u kabul ve taahh\u00fct ederim.<\/p>","disableMargins":"","productField":"","layoutGridColumnSpan":12,"enableEnhancedUI":0,"layoutGroupId":"0cbf311a","multipleFiles":false,"maxFiles":"","calculationFormula":"","calculationRounding":"","enableCalculation":"","disableQuantity":false,"displayAllCategories":false,"useRichTextEditor":false,"fields":""},{"type":"checkbox","id":48,"formId":3,"label":"Kabul Beyan\u0131","adminLabel":"","isRequired":true,"size":"large","errorMessage":"","visibility":"visible","choices":[{"text":"Ba\u015fvuru ko\u015fullar\u0131 ve taahh\u00fctnameyi okudum, anlad\u0131m ve kabul ediyorum.","value":"Ba\u015fvuru ko\u015fullar\u0131 ve taahh\u00fctnameyi okudum, anlad\u0131m ve kabul ediyorum.","isSelected":false,"price":""}],"validateState":true,"inputs":[{"id":"48.1","label":"Ba\u015fvuru ko\u015fullar\u0131 ve taahh\u00fctnameyi okudum, anlad\u0131m ve kabul ediyorum.","name":""}],"description":"","allowsPrepopulate":false,"inputMask":false,"inputMaskValue":"","inputMaskIsCustom":false,"maxLength":"","inputType":"","labelPlacement":"","descriptionPlacement":"","subLabelPlacement":"","placeholder":"","cssClass":"","inputName":"","noDuplicates":false,"defaultValue":"","enableAutocomplete":false,"autocompleteAttribute":"","conditionalLogic":"","productField":"","layoutGridColumnSpan":12,"enableSelectAll":"","enablePrice":"","enableEnhancedUI":0,"layoutGroupId":"2f2230f1","multipleFiles":false,"maxFiles":"","calculationFormula":"","calculationRounding":"","enableCalculation":"","disableQuantity":false,"displayAllCategories":false,"useRichTextEditor":false,"errors":[],"fields":"","displayOnly":""},{"type":"repeater","id":1000,"formId":3,"label":"My Repeater TEST!","fields":[{"type":"text","id":1001,"formId":3,"label":"Untitled","adminLabel":"","isRequired":false,"size":"large","errorMessage":"","visibility":"visible","inputs":null,"description":"","allowsPrepopulate":false,"inputMask":false,"inputMaskValue":"","inputMaskIsCustom":false,"maxLength":"","inputType":"","labelPlacement":"","descriptionPlacement":"","subLabelPlacement":"","placeholder":"","cssClass":"","inputName":"","noDuplicates":false,"defaultValue":"","enableAutocomplete":false,"autocompleteAttribute":"","choices":"","conditionalLogic":"","productField":"","layoutGridColumnSpan":"","enablePasswordInput":"","enableEnhancedUI":0,"layoutGroupId":"9da8cfda","multipleFiles":false,"maxFiles":"","calculationFormula":"","calculationRounding":"","enableCalculation":"","disableQuantity":false,"displayAllCategories":false,"useRichTextEditor":false,"pageNumber":5,"fields":"","displayOnly":""},{"type":"textarea","id":1002,"formId":3,"label":"Untitled","adminLabel":"","isRequired":false,"size":"large","errorMessage":"","visibility":"visible","inputs":null,"description":"","allowsPrepopulate":false,"inputMask":false,"inputMaskValue":"","inputMaskIsCustom":"","maxLength":"","inputType":"","labelPlacement":"","descriptionPlacement":"","subLabelPlacement":"","placeholder":"","cssClass":"","inputName":"","noDuplicates":false,"defaultValue":"","enableAutocomplete":false,"autocompleteAttribute":"","choices":"","conditionalLogic":"","productField":"","layoutGridColumnSpan":12,"form_id":"","useRichTextEditor":"","enableEnhancedUI":0,"layoutGroupId":"5df6ba2f","pageNumber":5,"fields":""},{"type":"select","id":1003,"formId":3,"label":"Untitled","adminLabel":"","isRequired":false,"size":"large","errorMessage":"","visibility":"visible","validateState":true,"inputs":null,"choices":[{"text":"First Choice","value":"First Choice","isSelected":false,"price":""},{"text":"Second Choice","value":"Second Choice","isSelected":false,"price":""},{"text":"Third Choice","value":"Third Choice","isSelected":false,"price":""}],"description":"","allowsPrepopulate":false,"inputMask":false,"inputMaskValue":"","inputMaskIsCustom":"","maxLength":"","inputType":"","labelPlacement":"","descriptionPlacement":"","subLabelPlacement":"","placeholder":"","cssClass":"","inputName":"","noDuplicates":false,"defaultValue":"","enableAutocomplete":false,"autocompleteAttribute":"","conditionalLogic":"","productField":"","layoutGridColumnSpan":12,"enablePrice":"","enableEnhancedUI":0,"layoutGroupId":"f9255ffe","pageNumber":5,"fields":""},{"type":"number","id":1004,"formId":3,"label":"Number","adminLabel":"","isRequired":false,"size":"large","errorMessage":"","visibility":"visible","inputs":null,"numberFormat":"decimal_dot","description":"","allowsPrepopulate":false,"inputMask":false,"inputMaskValue":"","inputMaskIsCustom":"","maxLength":"","inputType":"","labelPlacement":"","descriptionPlacement":"","subLabelPlacement":"","placeholder":"","cssClass":"","inputName":"","noDuplicates":false,"defaultValue":"","enableAutocomplete":false,"autocompleteAttribute":"","choices":"","conditionalLogic":"","enableCalculation":false,"rangeMin":"","rangeMax":"","calculationFormula":"","productField":"","layoutGridColumnSpan":12,"enableEnhancedUI":0,"layoutGroupId":"367001d1","pageNumber":5,"fields":""},{"type":"checkbox","id":1005,"formId":3,"label":"Untitled","adminLabel":"","isRequired":false,"size":"large","errorMessage":"","visibility":"visible","choices":[{"text":"First Choice","value":"First Choice","isSelected":false,"price":""},{"text":"Second Choice","value":"Second Choice","isSelected":false,"price":""},{"text":"Third Choice","value":"Third Choice","isSelected":false,"price":""}],"validateState":true,"inputs":[{"id":"1005.1","label":"First Choice","name":""},{"id":"1005.2","label":"Second Choice","name":""},{"id":"1005.3","label":"Third Choice","name":""}],"description":"","allowsPrepopulate":false,"inputMask":false,"inputMaskValue":"","inputMaskIsCustom":"","maxLength":"","inputType":"","labelPlacement":"","descriptionPlacement":"","subLabelPlacement":"","placeholder":"","cssClass":"","inputName":"","noDuplicates":false,"defaultValue":"","enableAutocomplete":false,"autocompleteAttribute":"","conditionalLogic":"","productField":"","layoutGridColumnSpan":12,"enableSelectAll":"","enablePrice":"","enableEnhancedUI":0,"layoutGroupId":"0991965e","pageNumber":5,"fields":""},{"type":"radio","id":1006,"formId":3,"label":"Untitled","adminLabel":"","isRequired":false,"size":"large","errorMessage":"","visibility":"visible","validateState":true,"inputs":null,"choices":[{"text":"First Choice","value":"First Choice","isSelected":false,"price":""},{"text":"Second Choice","value":"Second Choice","isSelected":false,"price":""},{"text":"Third Choice","value":"Third Choice","isSelected":false,"price":""}],"description":"","allowsPrepopulate":false,"inputMask":false,"inputMaskValue":"","inputMaskIsCustom":"","maxLength":"","inputType":"","labelPlacement":"","descriptionPlacement":"","subLabelPlacement":"","placeholder":"","cssClass":"","inputName":"","noDuplicates":false,"defaultValue":"","enableAutocomplete":false,"autocompleteAttribute":"","conditionalLogic":"","productField":"","layoutGridColumnSpan":12,"enableOtherChoice":"","enablePrice":"","enableEnhancedUI":0,"layoutGroupId":"1775b69a","pageNumber":5,"fields":""},{"type":"date","id":1007,"formId":3,"label":"Date","adminLabel":"","isRequired":false,"size":"large","errorMessage":"","visibility":"visible","inputs":null,"dateType":"datepicker","dateFormat":"mdy","dateFormatPlacement":"below","calendarIconType":"none","description":"","allowsPrepopulate":false,"inputMask":false,"inputMaskValue":"","inputMaskIsCustom":"","maxLength":"","inputType":"","labelPlacement":"","descriptionPlacement":"","subLabelPlacement":"","placeholder":"","cssClass":"","inputName":"","noDuplicates":false,"defaultValue":"","enableAutocomplete":false,"autocompleteAttribute":"","choices":"","conditionalLogic":"","calendarIconUrl":"","productField":"","layoutGridColumnSpan":12,"enableEnhancedUI":0,"layoutGroupId":"d166c1de","pageNumber":5,"fields":""},{"type":"time","id":1008,"formId":3,"label":"Time","adminLabel":"","isRequired":false,"size":"large","errorMessage":"","visibility":"visible","inputs":[{"id":"1008.1","label":"Hour","name":""},{"id":"1008.2","label":"Minute","name":""},{"id":"1008.3","label":"AM\/PM","name":""}],"description":"","allowsPrepopulate":false,"inputMask":false,"inputMaskValue":"","inputMaskIsCustom":"","maxLength":"","inputType":"","labelPlacement":"","descriptionPlacement":"","subLabelPlacement":"","placeholder":"","cssClass":"","inputName":"","noDuplicates":false,"defaultValue":"","enableAutocomplete":false,"autocompleteAttribute":"","choices":"","conditionalLogic":"","timeFormat":"12","productField":"","layoutGridColumnSpan":12,"enableEnhancedUI":0,"layoutGroupId":"7378eefd","pageNumber":5,"fields":""},{"type":"phone","id":1009,"formId":3,"label":"Phone","adminLabel":"","isRequired":false,"size":"large","errorMessage":"","visibility":"visible","inputs":null,"phoneFormat":"international","autocompleteAttribute":"tel","description":"","allowsPrepopulate":false,"inputMask":false,"inputMaskValue":"","inputMaskIsCustom":"","maxLength":"","inputType":"","labelPlacement":"","descriptionPlacement":"","subLabelPlacement":"","placeholder":"","cssClass":"","inputName":"","noDuplicates":false,"defaultValue":"","enableAutocomplete":false,"choices":"","conditionalLogic":"","productField":"","layoutGridColumnSpan":12,"enableEnhancedUI":0,"layoutGroupId":"fc0ff8a9","pageNumber":5,"fields":""},{"type":"website","id":1011,"formId":3,"label":"Website","adminLabel":"","isRequired":false,"size":"large","errorMessage":"","visibility":"visible","inputs":null,"placeholder":"https:\/\/","description":"","allowsPrepopulate":false,"inputMask":false,"inputMaskValue":"","inputMaskIsCustom":"","maxLength":"","inputType":"","labelPlacement":"","descriptionPlacement":"","subLabelPlacement":"","cssClass":"","inputName":"","noDuplicates":false,"defaultValue":"","enableAutocomplete":false,"autocompleteAttribute":"","choices":"","conditionalLogic":"","productField":"","layoutGridColumnSpan":12,"enableEnhancedUI":0,"layoutGroupId":"bf7605d9","pageNumber":5,"fields":""},{"type":"fileupload","id":1012,"formId":3,"label":"File","adminLabel":"","isRequired":false,"size":"large","errorMessage":"","visibility":"visible","inputs":null,"description":"","allowsPrepopulate":false,"inputMask":false,"inputMaskValue":"","inputMaskIsCustom":"","maxLength":"","inputType":"","labelPlacement":"","descriptionPlacement":"","subLabelPlacement":"","placeholder":"","cssClass":"","inputName":"","noDuplicates":false,"defaultValue":"","enableAutocomplete":false,"autocompleteAttribute":"","choices":"","conditionalLogic":"","maxFileSize":"","maxFiles":"","multipleFiles":false,"allowedExtensions":"","productField":"","layoutGridColumnSpan":12,"enableEnhancedUI":0,"layoutGroupId":"34f7ef3d","pageNumber":5,"fields":""}],"displayOnly":"","isRequired":false,"inputs":"","layoutGroupId":"5c236f66","layoutGridColumnSpan":12,"visibility":"visible","nestingLevel":0,"cssClass":"","adminLabel":"","description":"","allowsPrepopulate":false,"inputMask":false,"inputMaskValue":"","inputMaskIsCustom":"","maxLength":"","inputType":"","errorMessage":"","labelPlacement":"","descriptionPlacement":"","subLabelPlacement":"","placeholder":"","inputName":"","noDuplicates":false,"defaultValue":"","enableAutocomplete":false,"autocompleteAttribute":"","choices":"","conditionalLogic":""}],"button":{"type":"text","text":"G\u00f6nder","imageUrl":"","width":"auto","location":"bottom","layoutGridColumnSpan":12,"id":"submit"},"title":"DREAMBiGG Ba\u015fvuru Formu","description":"","version":"2.7.3","id":3,"markupVersion":2,"nextFieldId":1014,"useCurrentUserAsAuthor":true,"postContentTemplateEnabled":false,"postTitleTemplateEnabled":false,"postTitleTemplate":"","postContentTemplate":"","lastPageButton":{"type":"text","text":"Geri","imageUrl":""},"pagination":{"type":"steps","pages":["Sayfa 1","Sayfa 2","Sayfa 3","Sayfa 4","Sayfa 5"],"backgroundColor":null,"color":null,"display_progressbar_on_confirmation":null,"progressbar_completion_text":null},"firstPageCssClass":"","gfpdf_form_settings":{"64257d4fb6456":{"name":"Apply","template":"focus-gravity","filename":"basvuru-pdf-{TC Kimlik Numaran\u0131z:13}","conditionalLogic":null,"pdf_size":"A4","custom_pdf_size":["0","0","millimeters"],"orientation":"portrait","font":"dejavusanscondensed","font_size":"10","font_colour":"#000000","focusgravity_accent_colour":"#e3e3e3","focusgravity_secondary_colour":"#eaf2fa","focusgravity_label_format":"combined_label","show_form_title":"Yes","show_page_names":"Yes","show_section_content":"Yes","enable_conditional":"Yes","show_empty":"Yes","background_color":"#FFF","background_image":"","header":"","first_header":"<img class=\"alignnone size-thumbnail wp-image-10\" src=\"https:\/\/boundreambigg.gurudesk.dev\/wp-content\/uploads\/2023\/03\/logorenk-150x150.png\" alt=\"\" width=\"90\" height=\"90\" \/> \u00a0<img class=\"alignnone size-full wp-image-773\" src=\"https:\/\/boundreambigg.gurudesk.dev\/wp-content\/uploads\/2023\/03\/logo__0.png\" alt=\"\" width=\"238\" height=\"89\" \/>","footer":"","first_footer":"","format":"Standard","password":"","privileges":{"copy":"copy","print":"print","print-highres":"print-highres","modify":"modify","annot-forms":"annot-forms","fill-forms":"fill-forms","extract":"extract","assemble":"assemble"},"master_password":"","image_dpi":"96","save":"","notification":[],"conditional":"","rtl":"","show_html":"","security":"","public_access":"","restrict_owner":"","id":"64257d4fb6456","active":true}},"is_active":"1","date_created":"2023-03-29 14:16:21","is_trash":"0","labelPlacement":"top_label","descriptionPlacement":"below","subLabelPlacement":"below","validationSummary":false,"requiredIndicator":"text","customRequiredIndicator":"(Required)","cssClass":"","saveEnabled":"","saveButtonText":"Save & Continue","limitEntries":false,"limitEntriesCount":"","limitEntriesPeriod":"","limitEntriesMessage":"","scheduleForm":false,"scheduleStart":"","scheduleEnd":"","schedulePendingMessage":"","scheduleMessage":"","requireLogin":false,"requireLoginMessage":"","enableHoneypot":false,"honeypotAction":"abort","enableAnimation":false,"deprecated":"","save":{"enabled":false,"button":{"type":"link","text":"Save & Continue"}},"scheduleStartHour":"","scheduleStartMinute":"","scheduleStartAmpm":"","scheduleEndHour":"","scheduleEndMinute":"","scheduleEndAmpm":"","confirmations":[{"id":"642448353c218","name":"Default Confirmation","isDefault":true,"type":"page","message":"Thanks for contacting us! We will get in touch with you shortly.","url":"","pageId":"726","queryString":"","event":"","disableAutoformat":false,"page":"726","conditionalLogic":[]}],"notifications":[{"id":"642448353bb15","isActive":true,"to":"{admin_email}","name":"Admin Notification","event":"form_submission","toType":"email","subject":"New submission from {form_title}","message":"{all_fields}"}]},"version":"2.7.3"}