{"0":{"fields":[{"type":"text","id":1,"formId":6,"label":"Untitled","adminLabel":"","isRequired":false,"size":"large","errorMessage":"","visibility":"visible","inputs":null,"description":"","allowsPrepopulate":false,"inputMask":false,"inputMaskValue":"","inputMaskIsCustom":false,"maxLength":"","inputType":"","labelPlacement":"","descriptionPlacement":"","subLabelPlacement":"","placeholder":"","cssClass":"","inputName":"","noDuplicates":false,"defaultValue":"","enableAutocomplete":false,"autocompleteAttribute":"","choices":"","conditionalLogic":"","productField":"","layoutGridColumnSpan":"","enablePasswordInput":"","enableEnhancedUI":0,"layoutGroupId":"9da8cfda","multipleFiles":false,"maxFiles":"","calculationFormula":"","calculationRounding":"","enableCalculation":"","disableQuantity":false,"displayAllCategories":false,"useRichTextEditor":false,"fields":"","displayOnly":""},{"type":"textarea","id":2,"formId":6,"label":"Untitled","adminLabel":"","isRequired":false,"size":"large","errorMessage":"","visibility":"visible","inputs":null,"description":"","allowsPrepopulate":false,"inputMask":false,"inputMaskValue":"","inputMaskIsCustom":"","maxLength":"","inputType":"","labelPlacement":"","descriptionPlacement":"","subLabelPlacement":"","placeholder":"","cssClass":"","inputName":"","noDuplicates":false,"defaultValue":"","enableAutocomplete":false,"autocompleteAttribute":"","choices":"","conditionalLogic":"","productField":"","layoutGridColumnSpan":12,"form_id":"","useRichTextEditor":"","enableEnhancedUI":0,"layoutGroupId":"5df6ba2f","fields":""},{"type":"select","id":3,"formId":6,"label":"Untitled","adminLabel":"","isRequired":false,"size":"large","errorMessage":"","visibility":"visible","validateState":true,"inputs":null,"choices":[{"text":"First Choice","value":"First Choice","isSelected":false,"price":""},{"text":"Second Choice","value":"Second Choice","isSelected":false,"price":""},{"text":"Third Choice","value":"Third Choice","isSelected":false,"price":""}],"description":"","allowsPrepopulate":false,"inputMask":false,"inputMaskValue":"","inputMaskIsCustom":"","maxLength":"","inputType":"","labelPlacement":"","descriptionPlacement":"","subLabelPlacement":"","placeholder":"","cssClass":"","inputName":"","noDuplicates":false,"defaultValue":"","enableAutocomplete":false,"autocompleteAttribute":"","conditionalLogic":"","productField":"","layoutGridColumnSpan":12,"enablePrice":"","enableEnhancedUI":0,"layoutGroupId":"f9255ffe","fields":""},{"type":"number","id":4,"formId":6,"label":"Number","adminLabel":"","isRequired":false,"size":"large","errorMessage":"","visibility":"visible","inputs":null,"numberFormat":"decimal_dot","description":"","allowsPrepopulate":false,"inputMask":false,"inputMaskValue":"","inputMaskIsCustom":"","maxLength":"","inputType":"","labelPlacement":"","descriptionPlacement":"","subLabelPlacement":"","placeholder":"","cssClass":"","inputName":"","noDuplicates":false,"defaultValue":"","enableAutocomplete":false,"autocompleteAttribute":"","choices":"","conditionalLogic":"","enableCalculation":false,"rangeMin":"","rangeMax":"","calculationFormula":"","productField":"","layoutGridColumnSpan":12,"enableEnhancedUI":0,"layoutGroupId":"367001d1","fields":""},{"type":"checkbox","id":5,"formId":6,"label":"Untitled","adminLabel":"","isRequired":false,"size":"large","errorMessage":"","visibility":"visible","choices":[{"text":"First Choice","value":"First Choice","isSelected":false,"price":""},{"text":"Second Choice","value":"Second Choice","isSelected":false,"price":""},{"text":"Third Choice","value":"Third Choice","isSelected":false,"price":""}],"validateState":true,"inputs":[{"id":"5.1","label":"First Choice","name":""},{"id":"5.2","label":"Second Choice","name":""},{"id":"5.3","label":"Third Choice","name":""}],"description":"","allowsPrepopulate":false,"inputMask":false,"inputMaskValue":"","inputMaskIsCustom":"","maxLength":"","inputType":"","labelPlacement":"","descriptionPlacement":"","subLabelPlacement":"","placeholder":"","cssClass":"","inputName":"","noDuplicates":false,"defaultValue":"","enableAutocomplete":false,"autocompleteAttribute":"","conditionalLogic":"","productField":"","layoutGridColumnSpan":12,"enableSelectAll":"","enablePrice":"","enableEnhancedUI":0,"layoutGroupId":"0991965e","fields":""},{"type":"radio","id":6,"formId":6,"label":"Untitled","adminLabel":"","isRequired":false,"size":"large","errorMessage":"","visibility":"visible","validateState":true,"inputs":null,"choices":[{"text":"First Choice","value":"First Choice","isSelected":false,"price":""},{"text":"Second Choice","value":"Second Choice","isSelected":false,"price":""},{"text":"Third Choice","value":"Third Choice","isSelected":false,"price":""}],"description":"","allowsPrepopulate":false,"inputMask":false,"inputMaskValue":"","inputMaskIsCustom":"","maxLength":"","inputType":"","labelPlacement":"","descriptionPlacement":"","subLabelPlacement":"","placeholder":"","cssClass":"","inputName":"","noDuplicates":false,"defaultValue":"","enableAutocomplete":false,"autocompleteAttribute":"","conditionalLogic":"","productField":"","layoutGridColumnSpan":12,"enableOtherChoice":"","enablePrice":"","enableEnhancedUI":0,"layoutGroupId":"1775b69a","fields":""},{"type":"date","id":7,"formId":6,"label":"Date","adminLabel":"","isRequired":false,"size":"large","errorMessage":"","visibility":"visible","inputs":null,"dateType":"datepicker","dateFormat":"mdy","dateFormatPlacement":"below","calendarIconType":"none","description":"","allowsPrepopulate":false,"inputMask":false,"inputMaskValue":"","inputMaskIsCustom":"","maxLength":"","inputType":"","labelPlacement":"","descriptionPlacement":"","subLabelPlacement":"","placeholder":"","cssClass":"","inputName":"","noDuplicates":false,"defaultValue":"","enableAutocomplete":false,"autocompleteAttribute":"","choices":"","conditionalLogic":"","calendarIconUrl":"","productField":"","layoutGridColumnSpan":12,"enableEnhancedUI":0,"layoutGroupId":"d166c1de","fields":""},{"type":"time","id":8,"formId":6,"label":"Time","adminLabel":"","isRequired":false,"size":"large","errorMessage":"","visibility":"visible","inputs":[{"id":"8.1","label":"Hour","name":""},{"id":"8.2","label":"Minute","name":""},{"id":"8.3","label":"AM\/PM","name":""}],"description":"","allowsPrepopulate":false,"inputMask":false,"inputMaskValue":"","inputMaskIsCustom":"","maxLength":"","inputType":"","labelPlacement":"","descriptionPlacement":"","subLabelPlacement":"","placeholder":"","cssClass":"","inputName":"","noDuplicates":false,"defaultValue":"","enableAutocomplete":false,"autocompleteAttribute":"","choices":"","conditionalLogic":"","timeFormat":"12","productField":"","layoutGridColumnSpan":12,"enableEnhancedUI":0,"layoutGroupId":"7378eefd","fields":""},{"type":"phone","id":9,"formId":6,"label":"Phone","adminLabel":"","isRequired":false,"size":"large","errorMessage":"","visibility":"visible","inputs":null,"phoneFormat":"international","autocompleteAttribute":"tel","description":"","allowsPrepopulate":false,"inputMask":false,"inputMaskValue":"","inputMaskIsCustom":"","maxLength":"","inputType":"","labelPlacement":"","descriptionPlacement":"","subLabelPlacement":"","placeholder":"","cssClass":"","inputName":"","noDuplicates":false,"defaultValue":"","enableAutocomplete":false,"choices":"","conditionalLogic":"","productField":"","layoutGridColumnSpan":12,"enableEnhancedUI":0,"layoutGroupId":"fc0ff8a9","fields":""},{"type":"website","id":11,"formId":6,"label":"Website","adminLabel":"","isRequired":false,"size":"large","errorMessage":"","visibility":"visible","inputs":null,"placeholder":"https:\/\/","description":"","allowsPrepopulate":false,"inputMask":false,"inputMaskValue":"","inputMaskIsCustom":"","maxLength":"","inputType":"","labelPlacement":"","descriptionPlacement":"","subLabelPlacement":"","cssClass":"","inputName":"","noDuplicates":false,"defaultValue":"","enableAutocomplete":false,"autocompleteAttribute":"","choices":"","conditionalLogic":"","productField":"","layoutGridColumnSpan":12,"enableEnhancedUI":0,"layoutGroupId":"bf7605d9","fields":""},{"type":"fileupload","id":12,"formId":6,"label":"File","adminLabel":"","isRequired":false,"size":"large","errorMessage":"","visibility":"visible","inputs":null,"description":"","allowsPrepopulate":false,"inputMask":false,"inputMaskValue":"","inputMaskIsCustom":"","maxLength":"","inputType":"","labelPlacement":"","descriptionPlacement":"","subLabelPlacement":"","placeholder":"","cssClass":"","inputName":"","noDuplicates":false,"defaultValue":"","enableAutocomplete":false,"autocompleteAttribute":"","choices":"","conditionalLogic":"","maxFileSize":"","maxFiles":"","multipleFiles":false,"allowedExtensions":"","productField":"","layoutGridColumnSpan":12,"enableEnhancedUI":0,"layoutGroupId":"34f7ef3d","fields":""}],"button":{"type":"text","text":"","imageUrl":"","width":"auto","location":"bottom","layoutGridColumnSpan":12},"title":"123","description":"123","version":"2.7.3","id":6,"markupVersion":2,"nextFieldId":13,"useCurrentUserAsAuthor":true,"postContentTemplateEnabled":false,"postTitleTemplateEnabled":false,"postTitleTemplate":"","postContentTemplate":"","lastPageButton":null,"pagination":null,"firstPageCssClass":null,"confirmations":[{"id":"6426da0e9ee2a","name":"Default Confirmation","isDefault":true,"type":"message","message":"Thanks for contacting us! We will get in touch with you shortly.","url":"","pageId":"","queryString":""}],"notifications":[{"id":"6426da0e9e7ed","isActive":true,"to":"{admin_email}","name":"Admin Notification","event":"form_submission","toType":"email","subject":"New submission from {form_title}","message":"{all_fields}"}]},"version":"2.7.3"}